Domain,Have_IP,Have_At,URL_Length,URL_Depth,Redirection,https_Domain,TinyURL,Prefix/Suffix,DNS_Record,Domain_Age,Domain_End,Label
graphicriver.net,0,0,1,1,0,0,0,0,0,1,1,0
ecnavi.jp,0,0,1,1,1,0,0,0,0,0,0,0
hubpages.com,0,0,1,1,0,0,0,0,0,0,1,0
extratorrent.cc,0,0,1,3,0,0,0,0,0,0,0,0
icicibank.com,0,0,1,3,0,0,0,0,0,0,1,0
nypost.com,0,0,1,4,0,0,1,0,0,1,1,0
kienthuc.net.vn,0,0,1,2,0,0,0,0,0,1,1,0
thenextweb.com,0,0,1,6,0,0,0,0,0,0,1,0
tobogo.net,0,0,1,2,0,0,0,0,0,0,1,0
akhbarelyom.com,0,0,1,5,0,0,0,0,0,0,1,0
tunein.com,0,0,1,5,0,0,0,0,0,0,1,0
tune.pk,0,0,1,3,0,0,0,0,0,0,1,0
sfglobe.com,0,0,1,4,0,0,0,0,0,0,1,0
mic.com,0,0,1,3,0,0,0,0,0,0,1,0
thenextweb.com,0,0,1,6,0,0,0,0,0,0,1,0
couchtuner.eu.com,0,0,1,3,0,0,0,0,1,1,1,0
olx.in,0,0,1,3,0,0,0,0,0,0,1,0
venturebeat.com,0,0,1,4,0,0,1,0,0,0,1,0
allegro.pl,0,0,1,2,0,0,0,0,0,1,1,0
allegro.pl,0,0,1,2,0,0,0,0,0,1,1,0
tinnhanh360.net,0,0,1,1,0,0,0,0,0,0,0,0
metro.co.uk,0,0,1,4,0,0,0,0,0,0,1,0
atwiki.jp,0,0,1,2,0,0,0,0,0,0,0,0
emgn.com,0,0,1,2,0,0,0,0,0,0,1,0
nguyentandung.org,0,0,1,1,0,0,0,0,0,0,0,0
motthegioi.vn,0,0,1,2,0,0,0,0,0,1,1,0
spankbang.com,0,0,1,3,0,0,0,0,0,0,1,0
torcache.net,0,0,1,2,0,0,0,0,0,1,1,0
mic.com,0,0,1,3,0,0,0,0,0,0,1,0
thenextweb.com,0,0,1,7,0,0,0,0,0,0,1,0
emgn.com,0,0,1,2,0,0,0,0,0,0,1,0
depositphotos.com,0,0,1,1,0,0,0,0,0,0,1,0
serverfault.com,0,0,1,3,0,0,1,0,0,1,1,0
kakaku.com,0,0,1,6,0,0,0,0,0,0,1,0
indianexpress.com,0,0,1,4,0,0,0,0,0,0,1,0
nypost.com,0,0,1,4,0,0,1,0,0,1,1,0
distractify.com,0,0,1,10,0,0,0,0,0,0,0,0
sourceforge.net,0,0,1,3,0,0,0,0,0,0,1,0
babal.net,0,0,1,4,0,0,0,0,0,0,1,0
serverfault.com,0,0,1,3,0,0,1,0,0,1,1,0
cookpad.com,0,0,1,1,0,0,0,0,0,0,1,0
plarium.com,0,0,1,5,0,0,0,0,0,0,1,0
pikabu.ru,0,0,1,3,0,0,0,0,1,1,1,0
grantland.com,0,0,1,2,0,0,0,0,0,1,1,0
allegro.pl,0,0,1,3,0,0,0,0,0,1,1,0
nguyentandung.org,0,0,1,1,0,0,0,0,0,0,0,0
allegro.pl,0,0,1,2,0,0,0,0,0,1,1,0
europa.eu,0,0,1,6,0,0,0,0,0,1,1,0
extratorrent.cc,0,0,1,3,0,0,0,0,0,0,0,0
persianblog.ir,0,0,1,4,0,0,0,0,0,1,1,0
distractify.com,0,0,1,10,0,0,0,0,0,0,0,0
kenh14.vn,0,0,1,2,0,0,0,0,0,1,1,0
twitter.com,0,0,1,1,0,0,0,0,0,1,0,0
nesn.com,0,0,1,3,0,0,0,0,0,0,1,0
fishki.net,0,0,1,1,0,0,0,0,0,0,1,0
syosetu.com,0,0,1,3,0,0,0,0,0,1,1,0
akhbarelyom.com,0,0,1,5,0,0,0,0,0,0,1,0
allegro.pl,0,0,1,1,0,0,0,0,0,1,1,0
getpocket.com,0,0,1,1,1,0,1,0,0,0,0,0
mylust.com,0,0,1,3,0,0,1,0,0,0,1,0
censor.net.ua,0,0,1,3,0,0,0,0,0,1,1,0
pornsharing.com,0,0,1,1,0,0,0,0,0,0,0,0
genius.com,0,0,1,3,0,0,0,0,0,0,1,0
sourceforge.net,0,0,1,3,0,0,0,0,0,0,1,0
codecanyon.net,0,0,1,4,0,0,0,0,0,1,1,0
qz.com,0,0,1,2,0,0,0,0,0,1,1,0
kenh14.vn,0,0,1,2,0,0,0,0,0,1,1,0
uproxx.com,0,0,1,4,0,0,1,0,0,0,1,0
babal.net,0,0,1,4,0,0,0,0,0,0,1,0
mic.com,0,0,1,3,0,0,0,0,0,0,1,0
torcache.net,0,0,1,2,0,0,0,0,0,1,1,0
paytm.com,0,0,1,2,0,0,0,0,0,0,1,0
motthegioi.vn,0,0,1,3,0,0,0,0,0,1,1,0
torcache.net,0,0,1,2,0,0,0,0,0,1,1,0
thenextweb.com,0,0,1,6,0,0,0,0,0,0,1,0
extratorrent.cc,0,0,1,3,0,0,0,0,0,0,0,0
genius.com,0,0,1,3,0,0,0,0,0,0,1,0
thenextweb.com,0,0,1,5,0,0,0,0,0,0,1,0
kienthuc.net.vn,0,0,1,2,0,0,0,0,0,1,1,0
sourceforge.net,0,0,1,3,0,0,0,0,0,0,1,0
nypost.com,0,0,1,4,0,0,1,0,0,1,1,0
ap.org,0,0,1,4,0,0,0,0,0,0,1,0
indianexpress.com,0,0,1,4,0,0,0,0,0,0,1,0
extratorrent.cc,0,0,1,3,0,0,0,0,0,0,0,0
correios.com.br,0,0,1,5,0,0,0,0,0,1,1,0
web.de,0,0,1,6,0,0,0,0,0,1,1,0
noticias.uol.com.br,0,0,1,6,0,0,0,0,0,1,1,0
bdnews24.com,0,0,1,5,0,0,0,0,0,0,1,0
kenh14.vn,0,0,1,2,0,0,0,0,0,1,1,0
codecanyon.net,0,0,1,4,0,0,0,0,0,1,1,0
tunein.com,0,0,1,2,0,0,0,0,0,0,1,0
nguyentandung.org,0,0,1,1,0,0,0,0,0,0,0,0
kickass.to,0,0,1,1,0,0,0,0,0,1,1,0
weathernews.jp,0,0,1,4,0,0,0,0,0,0,1,0
atwiki.jp,0,0,1,2,0,0,0,0,0,0,0,0
plarium.com,0,0,1,5,0,0,0,0,0,0,1,0
chaturbate.com,0,0,1,3,0,0,0,0,0,0,1,0
babal.net,0,0,1,4,0,0,0,0,0,0,1,0
sberbank.ru,0,0,1,9,0,0,0,0,0,0,1,0
torcache.net,0,0,1,2,0,0,0,0,0,1,1,0
torcache.net,0,0,1,2,0,0,0,0,0,1,1,0
pikabu.ru,0,0,1,3,0,0,0,0,1,1,1,0
mirtesen.ru,0,0,1,1,0,0,0,0,1,1,1,0
mirtesen.ru,0,0,1,1,0,0,0,0,1,1,1,0
distractify.com,0,0,1,10,0,0,0,0,0,0,0,0
jalopnik.com,0,0,1,2,0,0,0,0,0,1,1,0
techcrunch.com,0,0,1,4,0,0,0,0,0,1,1,0
twitter.com,0,0,1,1,0,0,0,0,0,1,0,0
torcache.net,0,0,1,2,0,0,0,0,0,1,1,0
thenextweb.com,0,0,1,6,0,0,0,0,0,0,1,0
arstechnica.com,0,0,1,4,0,0,0,0,0,1,1,0
tunein.com,0,0,1,5,0,0,0,0,0,0,1,0
torrentdn.com,0,0,1,2,0,0,0,0,0,0,1,0
searchengineland.com,0,0,1,1,0,0,0,0,0,0,1,0
nesn.com,0,0,1,3,0,0,0,0,0,0,1,0
paytm.com,0,0,1,2,0,0,0,0,0,0,1,0
torcache.net,0,0,1,2,0,0,0,0,0,1,1,0
metro.co.uk,0,0,1,4,0,0,0,0,0,0,1,0
censor.net.ua,0,0,1,14,0,0,0,0,0,1,1,0
depositphotos.com,0,0,1,1,0,0,0,0,0,0,1,0
thenextweb.com,0,0,1,6,0,0,0,0,0,0,1,0
putlocker.is,0,0,1,1,0,0,0,0,0,1,0,0
tunein.com,0,0,1,5,0,0,0,0,0,0,1,0
lifehacker.com,0,0,1,2,0,0,0,0,0,1,1,0
extratorrent.cc,0,0,1,3,0,0,0,0,0,0,0,0
mylust.com,0,0,1,3,0,0,1,0,0,0,1,0
buzzfil.net,0,0,1,3,0,0,0,0,0,0,0,0
censor.net.ua,0,0,1,3,0,0,0,0,0,1,1,0
ap.org,0,0,1,4,0,0,0,0,0,0,1,0
akhbarelyom.com,0,0,1,5,0,0,0,0,0,0,1,0
sourceforge.net,0,0,1,3,0,0,0,0,0,0,1,0
kakaku.com,0,0,1,6,0,0,0,0,0,0,1,0
jezebel.com,0,0,1,2,0,0,0,0,0,0,1,0
grantland.com,0,0,1,2,0,0,0,0,0,1,1,0
gov.uk,0,0,1,3,0,0,0,0,0,1,1,0
emgn.com,0,0,1,2,0,0,0,0,0,0,1,0
bdnews24.com,0,0,1,5,0,0,0,0,0,0,1,0
web.de,0,0,1,5,0,0,0,0,0,1,1,0
extratorrent.cc,0,0,1,3,0,0,0,0,0,0,0,0
torcache.net,0,0,1,2,0,0,0,0,0,1,1,0
twitter.com,0,0,1,1,0,0,0,0,0,1,0,0
seekingalpha.com,0,0,1,2,0,0,0,0,0,0,1,0
web.tv,0,0,1,8,0,0,0,0,0,1,0,0
indianexpress.com,0,0,1,4,0,0,0,0,0,0,1,0
web.de,0,0,1,5,0,0,0,0,0,1,1,0
olx.co.id,0,0,1,7,0,0,1,0,0,0,1,0
mylust.com,0,0,1,3,0,0,1,0,0,0,1,0
babal.net,0,0,1,4,0,0,0,0,0,0,1,0
techcrunch.com,0,0,1,4,0,0,0,0,0,1,1,0
distractify.com,0,0,1,10,0,0,0,0,0,0,0,0
kakaku.com,0,0,1,6,0,0,0,0,0,0,1,0
metro.co.uk,0,0,1,4,0,0,0,0,0,0,1,0
kienthuc.net.vn,0,0,1,2,0,0,0,0,0,1,1,0
web.de,0,0,1,5,0,0,0,0,0,1,1,0
thenextweb.com,0,0,1,6,0,0,0,0,0,0,1,0
gov.uk,0,0,1,3,0,0,0,0,0,1,1,0
olx.ua,0,0,1,4,0,0,0,0,0,1,1,0
olx.pl,0,0,1,3,0,0,0,0,0,1,1,0
babal.net,0,0,1,3,0,0,0,0,0,0,1,0
correios.com.br,0,0,1,4,0,0,0,0,0,1,1,0
myspace.com,0,0,1,5,0,0,0,0,0,0,1,0
indianexpress.com,0,0,1,3,0,0,0,0,0,0,1,0
web.de,0,0,1,5,0,0,0,0,0,1,1,0
olx.in,0,0,1,3,0,0,0,0,0,0,1,0
squarespace.com,0,0,1,5,0,0,0,0,0,1,1,0
privatbank.ua,0,0,1,4,0,0,0,0,0,1,1,0
distractify.com,0,0,1,10,0,0,0,0,0,0,0,0
tunein.com,0,0,1,5,0,0,0,0,0,0,1,0
thenextweb.com,0,0,1,6,0,0,0,0,0,0,1,0
torcache.net,0,0,1,2,0,0,0,0,0,1,1,0
distractify.com,0,0,1,10,0,0,0,0,0,0,0,0
extratorrent.cc,0,0,1,3,0,0,0,0,0,0,0,0
xhamster.com,0,0,1,3,0,0,0,0,0,0,1,0
perezhilton.com,0,0,1,1,0,0,0,0,0,0,0,0
comicbook.com,0,0,1,4,0,0,0,0,0,1,1,0
paytm.com,0,0,1,8,0,0,0,0,0,0,1,0
grantland.com,0,0,1,2,0,0,0,0,0,1,1,0
distractify.com,0,0,1,10,0,0,0,0,0,0,0,0
thenextweb.com,0,0,1,6,0,0,0,0,0,0,1,0
icicibank.com,0,0,1,5,0,0,0,0,0,0,1,0
deadspin.com,0,0,1,2,0,0,0,0,0,0,1,0
udn.com,0,0,1,4,0,0,0,0,0,0,1,0
bestblackhatforum.com,0,0,1,1,0,0,0,0,0,0,1,0
quizlet.com,0,0,1,1,0,0,1,0,0,0,1,0
depositphotos.com,0,0,1,2,0,0,0,0,0,0,1,0
pitchfork.com,0,0,1,3,0,0,0,0,0,1,0,0
emgn.com,0,0,1,2,0,0,0,0,0,0,1,0
katproxy.com,0,0,1,1,0,0,0,0,0,0,0,0
elitedaily.com,0,0,1,3,0,0,0,0,0,0,1,0
extratorrent.cc,0,0,1,3,0,0,0,0,0,0,0,0
pornsharing.com,0,0,1,1,0,0,0,0,0,0,0,0
thenextweb.com,0,0,1,7,0,0,0,0,0,0,1,0
distractify.com,0,0,1,10,0,0,0,0,0,0,0,0
atwiki.jp,0,0,1,2,0,0,0,0,0,0,0,0
codecanyon.net,0,0,1,4,0,0,0,0,0,1,1,0
interpark.com,0,0,1,2,0,0,0,0,0,0,0,0
gtbank.com,0,0,1,5,0,0,0,0,0,0,1,0
medium.com,0,1,1,2,0,0,0,0,0,0,1,0
torcache.net,0,0,1,2,0,0,0,0,0,1,1,0
correios.com.br,0,1,1,8,0,0,0,0,0,1,1,0
olx.pl,0,0,1,7,0,0,0,0,0,1,1,0
distractify.com,0,0,1,10,0,0,0,0,0,0,0,0
twitter.com,0,0,1,1,0,0,0,0,0,1,0,0
distractify.com,0,0,1,10,0,0,0,0,0,0,0,0
depositphotos.com,0,0,1,1,0,0,0,0,0,0,1,0
interpark.com,0,0,1,2,0,0,0,0,0,0,0,0
zozo.jp,0,0,1,2,0,0,0,0,0,0,1,0
persianblog.ir,0,0,1,4,0,0,0,0,0,1,1,0
onedio.com,0,0,1,2,0,0,0,0,0,0,1,0
hollywoodlife.com,0,0,1,4,0,0,0,0,0,1,1,0
fortune.com,0,0,1,4,0,0,0,0,0,0,1,0
ringring.vn,0,0,1,1,0,0,0,0,0,1,1,0
nguyentandung.org,0,0,1,1,0,0,0,0,0,0,0,0
buzzfil.net,0,0,1,4,0,0,0,0,0,0,0,0
thenextweb.com,0,0,1,6,0,0,0,0,0,0,1,0
fanpage.gr,0,0,1,2,0,0,0,0,0,1,1,0
extratorrent.cc,0,0,1,3,0,0,0,0,0,0,0,0
mylust.com,0,0,1,3,0,0,1,0,0,0,1,0
nguyentandung.org,0,0,1,1,0,0,0,0,0,0,0,0
babal.net,0,0,1,4,0,0,0,0,0,0,1,0
thechive.com,0,0,1,4,0,0,0,0,0,0,1,0
thenextweb.com,0,0,1,7,0,0,0,0,0,0,1,0
babal.net,0,0,1,4,0,0,0,0,0,0,1,0
pikabu.ru,0,0,1,3,0,0,0,0,1,1,1,0
variety.com,0,0,1,8,0,0,0,0,0,0,1,0
otomoto.pl,0,0,1,3,0,0,0,0,0,1,1,0
elitedaily.com,0,0,1,4,0,0,0,0,0,0,1,0
twitter.com,0,0,1,1,0,0,0,0,0,1,0,0
olx.ro,0,0,1,7,0,0,0,0,0,0,1,0
fazenda.gov.br,0,0,1,3,0,0,0,0,0,1,1,0
bdnews24.com,0,0,1,5,0,0,0,0,0,0,1,0
emgn.com,0,0,1,2,0,0,0,0,0,0,1,0
superuser.com,0,0,1,3,0,0,0,0,0,1,0,0
mic.com,0,0,1,3,0,0,0,0,0,0,1,0
olx.ro,0,0,1,7,0,0,0,0,0,0,1,0
momoshop.com.tw,0,0,1,2,0,0,0,0,0,0,1,0
variety.com,0,0,1,4,0,0,0,0,0,0,1,0
torcache.net,0,0,1,2,0,0,0,0,0,1,1,0
grantland.com,0,0,1,2,0,0,0,0,0,1,1,0
1337x.to,0,0,1,3,0,0,0,0,0,1,1,0
thenextweb.com,0,0,1,6,0,0,0,0,0,0,1,0
kotaku.com,0,0,1,2,0,0,0,0,0,1,1,0
distractify.com,0,0,1,10,0,0,0,0,0,0,0,0
katproxy.com,0,0,1,1,0,0,0,0,0,0,0,0
stackoverflow.com,0,0,1,3,0,0,0,0,0,1,0,0
aljazeera.net,0,0,1,6,0,0,0,0,0,1,1,0
pikabu.ru,0,0,1,3,0,0,0,0,1,1,1,0
extratorrent.cc,0,0,1,3,0,0,0,0,0,0,0,0
qz.com,0,0,1,2,0,0,0,0,0,1,1,0
serverfault.com,0,0,1,3,0,0,1,0,0,1,1,0
distractify.com,0,0,1,10,0,0,0,0,0,0,0,0
twitter.com,0,0,1,1,0,0,0,0,0,1,0,0
depositphotos.com,0,0,1,2,0,0,0,0,0,0,1,0
ecnavi.jp,0,0,1,1,1,0,0,0,0,0,0,0
wpengine.com,0,0,1,4,0,0,0,0,0,1,1,0
prezi.com,0,0,1,4,0,0,0,0,0,0,1,0
mylust.com,0,0,1,3,0,0,1,0,0,0,1,0
aljazeera.net,0,0,1,6,0,0,0,0,0,1,1,0
katproxy.com,0,0,1,3,0,0,0,0,0,0,0,0
indianexpress.com,0,0,1,3,0,0,0,0,0,0,1,0
smallseotools.com,0,0,1,2,0,0,0,0,0,0,1,0
mirtesen.ru,0,0,1,2,0,0,0,0,1,1,1,0
web.de,0,0,1,5,0,0,0,0,0,1,1,0
mashable.com,0,0,1,6,0,0,0,0,0,1,1,0
yourlust.com,0,0,1,2,0,0,1,0,0,0,1,0
serverfault.com,0,0,1,3,0,0,1,0,0,1,1,0
kakaku.com,0,0,1,6,0,0,0,0,0,0,1,0
twitter.com,0,0,1,1,0,0,0,0,0,1,0,0
plarium.com,0,0,1,5,0,0,0,0,0,0,1,0
extratorrent.cc,0,0,1,3,0,0,0,0,0,0,0,0
mirtesen.ru,0,0,1,1,0,0,0,0,1,1,1,0
indianexpress.com,0,0,1,4,0,0,0,0,0,0,1,0
medium.com,0,1,1,2,0,0,0,0,0,0,1,0
patch.com,0,0,1,3,0,0,0,0,0,0,1,0
popupads.ir,0,0,1,1,0,0,0,0,0,1,1,0
grantland.com,0,0,1,2,0,0,0,0,0,1,1,0
twitter.com,0,0,1,1,0,0,0,0,0,1,0,0
haberler.com,0,0,1,2,0,0,0,0,0,0,1,0
techcrunch.com,0,0,1,4,0,0,0,0,0,1,1,0
buzzfil.net,0,0,1,3,0,0,0,0,0,0,0,0
twitter.com,0,0,1,1,0,0,0,0,0,1,0,0
olx.co.id,0,0,1,7,0,0,1,0,0,0,1,0
extratorrent.cc,0,0,1,3,0,0,0,0,0,0,0,0
emgn.com,0,0,1,2,0,0,0,0,0,0,1,0
dantri.com.vn,0,0,1,2,0,0,0,0,0,1,1,0
1337x.to,0,0,1,3,0,0,0,0,0,1,1,0
atwiki.jp,0,0,1,5,0,0,0,0,0,0,0,0
emgn.com,0,0,1,2,0,0,0,0,0,0,1,0
wpengine.com,0,0,1,2,0,0,0,0,0,1,1,0
emgn.com,0,0,1,2,0,0,0,0,0,0,1,0
emgn.com,0,0,1,2,0,0,0,0,0,0,1,0
tinnhanh360.net,0,0,1,1,0,0,0,0,0,0,0,0
askubuntu.com,0,0,1,3,0,0,0,0,0,1,0,0
perezhilton.com,0,0,1,2,0,0,0,0,0,0,0,0
espn.go.com,0,0,1,6,0,0,0,0,0,1,0,0
web.de,0,0,1,6,0,0,0,0,0,1,1,0
sourceforge.net,0,0,1,3,0,0,0,0,0,0,1,0
correios.com.br,0,0,1,3,0,0,0,0,0,1,1,0
searchengineland.com,0,0,1,1,0,0,0,0,0,0,1,0
kotaku.com,0,0,1,2,0,0,0,0,0,1,1,0
mic.com,0,0,1,3,0,0,0,0,0,0,1,0
twitter.com,0,0,1,1,0,0,0,0,0,1,0,0
mic.com,0,0,1,3,0,0,0,0,0,0,1,0
hollywoodlife.com,0,0,1,4,0,0,0,0,0,1,1,0
tinnhanh360.net,0,0,1,1,0,0,0,0,0,0,0,0
babal.net,0,0,1,4,0,0,0,0,0,0,1,0
interpark.com,0,0,1,2,0,0,0,0,0,0,0,0
telegraf.com.ua,0,0,1,3,0,0,0,0,0,1,1,0
censor.net.ua,0,0,1,14,0,0,0,0,0,1,1,0
distractify.com,0,0,1,2,0,0,0,0,0,0,0,0
qz.com,0,0,1,2,0,0,0,0,0,1,1,0
variety.com,0,0,1,8,0,0,0,0,0,0,1,0
nymag.com,0,0,1,10,0,0,0,0,0,0,0,0
putlocker.is,0,0,1,1,0,0,0,0,0,1,0,0
icicibank.com,0,0,1,3,0,0,0,0,0,0,1,0
indianexpress.com,0,0,1,4,0,0,0,0,0,0,1,0
xhamster.com,0,0,1,3,0,0,0,0,0,0,1,0
distractify.com,0,0,1,10,0,0,0,0,0,0,0,0
motthegioi.vn,0,0,1,2,0,0,0,0,0,1,1,0
techcrunch.com,0,0,1,4,0,0,0,0,0,1,1,0
slickdeals.net,0,0,1,2,0,0,0,0,0,0,1,0
otomoto.pl,0,0,1,4,0,0,0,0,0,1,1,0
perezhilton.com,0,0,1,1,0,0,0,0,0,0,0,0
web.de,0,0,1,4,0,0,0,0,0,1,1,0
censor.net.ua,0,0,1,3,0,0,0,0,0,1,1,0
xhamster.com,0,0,1,3,0,0,0,0,0,0,1,0
grantland.com,0,0,1,2,0,0,0,0,0,1,1,0
hdfcbank.com,0,0,1,4,0,0,0,0,0,0,1,0
wikiwiki.jp,0,0,1,1,0,0,0,0,0,0,1,0
web.de,0,0,1,4,0,0,0,0,0,1,1,0
twitter.com,0,0,1,1,0,0,0,0,0,1,0,0
olx.pl,0,0,1,7,0,0,0,0,0,1,1,0
torcache.net,0,0,1,2,0,0,0,0,0,1,1,0
otomoto.pl,0,0,1,7,0,0,0,0,0,1,1,0
bleacherreport.com,0,0,1,2,0,0,1,0,0,1,1,0
interpark.com,0,0,1,2,0,0,0,0,0,0,0,0
torcache.net,0,0,1,2,0,0,0,0,0,1,1,0
thenextweb.com,0,0,1,7,0,0,0,0,0,0,1,0
kickass.to,0,0,1,1,0,0,0,0,0,1,1,0
torcache.net,0,0,1,2,0,0,0,0,0,1,1,0
emgn.com,0,0,1,2,0,0,0,0,0,0,1,0
hdfcbank.com,0,0,1,5,0,0,0,0,0,0,1,0
searchengineland.com,0,0,1,1,0,0,0,0,0,0,1,0
correios.com.br,0,0,1,5,0,0,0,0,0,1,1,0
extratorrent.cc,0,0,1,3,0,0,0,0,0,0,0,0
motthegioi.vn,0,0,1,3,0,0,0,0,0,1,1,0
caixa.gov.br,0,0,1,4,0,0,0,0,0,1,1,0
digg.com,0,0,1,2,0,0,0,0,0,0,1,0
allegro.pl,0,0,1,2,0,0,0,0,0,1,1,0
fazenda.gov.br,0,0,1,3,0,0,0,0,0,1,1,0
bdnews24.com,0,0,1,5,0,0,0,0,0,0,1,0
nesn.com,0,0,1,3,0,0,0,0,0,0,1,0
tobogo.net,0,0,1,2,0,0,0,0,0,0,1,0
slashdot.org,0,0,1,3,0,0,0,0,0,0,0,0
bigcinema.tv,0,0,1,2,0,0,0,0,0,1,1,0
web.de,0,0,1,3,0,0,0,0,0,1,1,0
indianexpress.com,0,0,1,3,0,0,0,0,0,0,1,0
nymag.com,0,0,1,9,0,0,0,0,0,0,0,0
distractify.com,0,0,1,10,0,0,0,0,0,0,0,0
otomoto.pl,0,0,1,2,0,0,0,0,0,1,1,0
torrentdn.com,0,0,1,2,0,0,0,0,0,0,1,0
mic.com,0,0,1,3,0,0,0,0,0,0,1,0
momoshop.com.tw,0,0,1,2,0,0,0,0,0,0,1,0
olx.co.id,0,0,1,7,0,0,1,0,0,0,1,0
buzzfil.net,0,0,1,4,0,0,0,0,0,0,0,0
sourceforge.net,0,0,1,3,0,0,0,0,0,0,1,0
otomoto.pl,0,0,1,4,0,0,0,0,0,1,1,0
babal.net,0,0,1,4,0,0,0,0,0,0,1,0
doodle.com,0,0,1,2,0,0,0,0,0,0,0,0
babal.net,0,0,1,3,0,0,0,0,0,0,1,0
jalopnik.com,0,0,1,2,0,0,0,0,0,1,1,0
correios.com.br,0,0,1,5,0,0,0,0,0,1,1,0
codecanyon.net,0,0,1,4,0,0,0,0,0,1,1,0
olx.co.id,0,0,1,2,0,0,1,0,0,0,1,0
ecnavi.jp,0,0,1,1,1,0,0,0,0,0,0,0
torcache.net,0,0,1,2,0,0,0,0,0,1,1,0
udn.com,0,0,1,4,0,0,0,0,0,0,1,0
mylust.com,0,0,1,3,0,0,1,0,0,0,1,0
olx.ro,0,0,1,7,0,0,0,0,0,0,1,0
censor.net.ua,0,0,1,3,0,0,0,0,0,1,1,0
indianexpress.com,0,0,1,4,0,0,0,0,0,0,1,0
techcrunch.com,0,0,1,4,0,0,0,0,0,1,1,0
wikimapia.org,0,0,1,3,0,0,0,0,0,0,1,0
tobogo.net,0,0,1,2,0,0,0,0,0,0,1,0
perezhilton.com,0,0,1,1,0,0,0,0,0,0,0,0
aljazeera.net,0,0,1,4,0,0,0,0,0,1,1,0
tobogo.net,0,0,1,2,0,0,0,0,0,0,1,0
themeforest.net,0,0,1,3,0,0,0,0,0,0,1,0
themeforest.net,0,0,1,4,0,0,0,0,0,0,1,0
nesn.com,0,0,1,3,0,0,0,0,0,0,1,0
pikabu.ru,0,0,1,2,0,0,0,0,1,1,1,0
searchengineland.com,0,0,1,1,0,0,0,0,0,0,1,0
interpark.com,0,0,1,2,0,0,0,0,0,0,0,0
depositphotos.com,0,0,1,1,0,0,0,0,0,0,1,0
espn.go.com,0,0,1,8,0,0,0,0,0,1,0,0
nesn.com,0,0,1,3,0,0,0,0,0,0,1,0
deadspin.com,0,0,1,2,0,0,0,0,0,0,1,0
extratorrent.cc,0,0,1,3,0,0,0,0,0,0,0,0
kienthuc.net.vn,0,0,1,2,0,0,0,0,0,1,1,0
tune.pk,0,0,1,3,0,0,0,0,0,0,1,0
couchtuner.eu.com,0,0,1,3,0,0,0,0,1,1,1,0
atwiki.jp,0,0,1,2,0,0,0,0,0,0,0,0
genius.com,0,0,1,3,0,0,0,0,0,0,1,0
nguyentandung.org,0,0,1,1,0,0,0,0,0,0,0,0
ecnavi.jp,0,0,1,1,1,0,0,0,0,0,0,0
tune.pk,0,0,1,3,0,0,0,0,0,0,1,0
thenextweb.com,0,0,1,5,0,0,0,0,0,0,1,0
extratorrent.cc,0,0,1,3,0,0,0,0,0,0,0,0
jezebel.com,0,0,1,1,0,0,0,0,0,0,1,0
ap.org,0,0,1,4,0,0,0,0,0,0,1,0
cheezburger.com,0,0,1,2,0,0,0,0,0,0,1,0
qz.com,0,0,1,2,0,0,0,0,0,1,1,0
genius.com,0,0,1,3,0,0,0,0,0,0,1,0
tinnhanh360.net,0,0,1,1,0,0,0,0,0,0,0,0
interpark.com,0,0,1,2,0,0,0,0,0,0,0,0
io9.com,0,0,1,2,0,0,0,0,0,0,1,0
gtbank.com,0,0,1,5,0,0,0,0,0,0,1,0
olx.co.id,0,0,1,2,0,0,1,0,0,0,1,0
sourceforge.net,0,0,1,3,0,0,0,0,0,0,1,0
allrecipes.com,0,0,1,4,0,0,0,0,0,1,1,0
rt.com,0,0,1,3,0,0,1,0,0,1,1,0
icicibank.com,0,0,1,3,0,0,0,0,0,0,1,0
extratorrent.cc,0,0,1,3,0,0,0,0,0,0,0,0
tunein.com,0,0,1,5,0,0,0,0,0,0,1,0
atwiki.jp,0,0,1,2,0,0,0,0,0,0,0,0
wikiwiki.jp,0,0,1,1,0,0,0,0,0,0,1,0
maybank2u.com.my,0,0,1,4,0,0,0,0,0,0,1,0
techcrunch.com,0,0,1,3,0,0,0,0,0,1,1,0
mic.com,0,0,1,3,0,0,0,0,0,0,1,0
getpocket.com,0,0,1,1,1,0,1,0,0,0,0,0
extratorrent.cc,0,0,1,3,0,0,0,0,0,0,0,0
iconosquare.com,0,0,1,3,0,0,0,0,0,1,0,0
twitter.com,0,0,1,1,0,0,0,0,0,1,0,0
censor.net.ua,0,0,1,3,0,0,0,0,0,1,1,0
tinnhanh360.net,0,0,1,1,0,0,0,0,0,0,0,0
kenh14.vn,0,0,1,2,0,0,0,0,0,1,1,0
indianexpress.com,0,0,1,3,0,0,0,0,0,0,1,0
motthegioi.vn,0,0,1,3,0,0,0,0,0,1,1,0
dantri.com.vn,0,0,1,2,0,0,0,0,0,1,1,0
udn.com,0,0,1,4,0,0,0,0,0,0,1,0
thenextweb.com,0,0,1,6,0,0,0,0,0,0,1,0
twitter.com,0,0,1,1,0,0,0,0,0,1,0,0
thenextweb.com,0,0,1,6,0,0,0,0,0,0,1,0
torcache.net,0,0,1,2,0,0,0,0,0,1,1,0
uproxx.com,0,0,1,4,0,0,1,0,0,0,1,0
elcomercio.pe,0,0,1,3,0,0,0,0,0,1,1,0
elitedaily.com,0,0,1,5,0,0,0,0,0,0,1,0
500px.com,0,0,1,3,0,0,1,0,0,0,1,0
momoshop.com.tw,0,0,1,2,0,0,0,0,0,0,1,0
allegro.pl,0,0,1,1,0,0,0,0,0,1,1,0
nguyentandung.org,0,0,1,1,0,0,0,0,0,0,0,0
udn.com,0,0,1,4,0,0,0,0,0,0,1,0
ap.org,0,0,1,4,0,0,0,0,0,0,1,0
ringring.vn,0,0,1,1,0,0,0,0,0,1,1,0
twitter.com,0,0,1,1,0,0,0,0,0,1,0,0
thenextweb.com,0,0,1,7,0,0,0,0,0,0,1,0
mic.com,0,0,1,3,0,0,0,0,0,0,1,0
mentalfloss.com,0,0,1,3,0,0,0,0,0,0,1,0
mic.com,0,0,1,3,0,0,0,0,0,0,1,0
gov.uk,0,0,1,3,0,0,0,0,0,1,1,0
medium.com,0,0,1,2,0,0,0,0,0,0,1,0
seesaawiki.jp,0,0,1,3,0,0,0,0,0,0,0,0
ecnavi.jp,0,0,1,1,1,0,0,0,0,0,0,0
interpark.com,0,0,1,2,0,0,0,0,0,0,0,0
sourceforge.net,0,0,1,3,0,0,0,0,0,0,1,0
stackoverflow.com,0,0,1,3,0,0,0,0,0,1,0,0
mylust.com,0,0,1,3,0,0,1,0,0,0,1,0
depositphotos.com,0,0,1,1,0,0,0,0,0,0,1,0
torcache.net,0,0,1,2,0,0,0,0,0,1,1,0
diply.com,0,0,1,3,0,0,0,0,0,0,1,0
fazenda.gov.br,0,0,1,4,0,0,0,0,0,1,1,0
elcomercio.pe,0,0,1,3,0,0,0,0,0,1,1,0
correios.com.br,0,0,1,4,0,0,0,0,0,1,1,0
telegraf.com.ua,0,0,1,2,0,0,0,0,0,1,1,0
digg.com,0,0,1,2,0,0,0,0,0,0,1,0
torcache.net,0,0,1,2,0,0,0,0,0,1,1,0
mylust.com,0,0,1,3,0,0,1,0,0,0,1,0
thenextweb.com,0,0,1,6,0,0,0,0,0,0,1,0
udn.com,0,0,1,4,0,0,0,0,0,0,1,0
nesn.com,0,0,1,3,0,0,0,0,0,0,1,0
mylust.com,0,0,1,3,0,0,1,0,0,0,1,0
extratorrent.cc,0,0,1,3,0,0,0,0,0,0,0,0
zozo.jp,0,0,1,2,0,0,0,0,0,0,1,0
olx.ua,0,0,1,4,0,0,0,0,0,1,1,0
cheezburger.com,0,0,1,2,0,0,0,0,0,0,1,0
nhs.uk,0,0,1,5,0,0,0,0,0,1,1,0
jalopnik.com,0,0,1,2,0,0,0,0,0,1,1,0
kakaku.com,0,0,1,6,0,0,0,0,0,0,1,0
tunein.com,0,0,1,5,0,0,0,0,0,0,1,0
allegro.pl,0,0,1,2,0,0,0,0,0,0,0,0
sourceforge.net,0,0,1,3,0,0,0,0,0,0,1,0
aljazeera.net,0,0,1,6,0,0,0,0,0,1,1,0
nguyentandung.org,0,0,1,1,0,0,0,0,0,0,0,0
superuser.com,0,0,1,3,0,0,0,0,0,1,0,0
nypost.com,0,0,1,4,0,0,1,0,0,0,0,0
hubpages.com,0,0,1,5,0,0,0,0,0,0,1,0
correios.com.br,0,0,1,5,0,0,0,0,0,1,1,0
persianblog.ir,0,0,1,3,0,0,0,0,0,1,1,0
venturebeat.com,0,0,1,4,0,0,1,0,0,0,1,0
europa.eu,0,0,1,6,0,0,0,0,0,1,1,0
sapient-flare-279107.df.r.appspot.com,0,0,1,1,0,0,1,1,1,1,1,1
support-appleld.com.secureupdate.duilawyeryork.com,0,0,1,2,0,0,0,1,0,0,0,1
centromusicalpaternense.es:443,0,0,1,2,0,0,0,0,0,1,1,1
urbanmeisters.ovh,0,0,1,6,0,0,0,0,0,1,1,1
immobiliereroseland.fr,0,0,0,0,0,0,0,0,0,0,1,1
bellailusi.com.my,0,0,1,1,0,0,0,0,0,0,0,1
en.academic.ru,0,0,0,3,0,0,0,0,0,0,0,1
beedictionary.com,0,0,0,2,0,0,0,0,0,0,1,1
hartzine.com,0,0,0,0,0,0,0,0,0,0,0,1
pcgamer.com,0,0,0,1,0,0,0,0,0,0,1,1
16quotes.com,0,0,0,3,0,0,0,0,0,0,1,1
marketinghelper.com.au,0,0,1,5,0,0,0,0,0,1,1,1
smartinsights.com,0,0,1,3,0,0,0,0,0,0,0,1
storage.googleapis.com,0,0,0,2,0,0,0,0,1,1,1,1
qr.altosushuaia.com,0,0,0,1,0,0,0,0,0,0,1,1
bryanhansel.com,0,0,0,0,0,0,0,0,0,0,1,1
gradshower.com,0,0,1,6,0,0,0,0,0,0,0,1
lotstosave.com,0,0,0,0,0,0,0,0,0,0,1,1
streeflandhoa.com,0,0,0,0,0,0,0,0,0,0,1,1
bancolombia-webs.webcindario.com,0,0,1,1,0,0,0,1,0,0,1,1
pnta.com,0,0,0,0,0,0,0,0,0,0,0,1
connxupdate.be,0,0,1,2,0,0,0,0,0,1,1,1
evesyalari.tk,0,0,0,0,0,0,0,0,0,1,1,1
tutorialscollection.com,0,0,1,1,0,0,0,0,0,0,0,1
jazzin.london,0,0,0,0,0,0,0,0,0,0,0,1
absa.ent.box.com,0,0,0,0,0,0,1,0,0,1,1,1
allflagsauto.com,0,0,1,4,0,0,0,0,0,0,0,1
stackoverflow.com,0,0,1,3,0,0,0,0,0,1,0,1
shriramproperties.com,0,0,0,1,0,0,0,0,0,0,1,1
travel.bart.la,0,0,0,0,0,0,0,0,0,0,1,1
nicasiabank.com,0,0,0,0,0,0,0,0,0,0,1,1
secureupdate.appleld.com.duilawyeryork.com,0,0,1,2,0,0,0,0,0,0,0,1
night-kingdom.mysteria.cz,0,0,0,1,0,0,0,1,1,1,1,1
livesoccertv.com,0,0,1,2,0,0,0,0,0,0,1,1
gold-mail.ru:443,0,0,0,0,0,0,0,1,0,1,1,1
karate-haguenau.com,0,0,0,1,0,0,0,1,0,0,0,1
forestessentialsindia.com,0,0,0,0,0,0,0,0,0,0,1,1
brighthub.com,0,0,1,4,0,0,0,0,0,0,1,1
theswiftcodes.com,0,0,0,2,0,0,0,0,0,0,1,1
0s.n5vs44tv.verek.ru,0,0,0,0,0,0,0,0,1,1,1,1
gryffilm.wz.cz,0,0,1,1,0,0,0,0,1,1,1,1
185.136.204.3,0,0,1,6,0,0,0,0,0,1,1,1
wwp-cartasi-titoari-portale-sicreuzza-2017.dynamic-dns.net,0,0,1,2,0,0,0,1,0,0,1,1
vg.hu,0,0,0,0,0,0,0,0,0,1,1,1
azlyrics.com,0,0,1,3,0,0,0,0,0,0,1,1
ww3.dbsmanga.com,0,0,0,0,0,0,0,0,0,0,0,1
express.co.uk,0,0,1,4,0,0,0,0,0,0,0,1
n9qyb.csb.app,0,0,0,0,0,0,0,0,0,0,1,1
dickssportinggoods.com,0,0,0,0,0,0,0,0,0,1,0,1
authorstream.com,0,0,1,2,0,0,0,0,0,0,1,1
pollsbee.com,0,0,0,2,0,0,0,0,1,1,1,1
disneyfairies2005-2007.tumblr.com,0,0,0,0,0,0,0,1,0,1,1,1
destructoid.com,0,0,1,1,0,0,0,0,0,1,1,1
in.iherb.com,0,0,0,0,0,0,0,0,0,0,1,1
hindihelpguru.com,0,0,0,0,0,0,0,0,0,0,0,1
alliedfcu.com,0,0,0,0,0,0,0,0,0,0,1,1
parliamoitaliano.altervista.org,0,0,0,0,0,0,0,0,0,1,1,1
wiki.debian.org,0,0,0,1,0,0,0,0,0,0,1,1
showplaceicon.com,0,0,1,2,0,0,0,0,0,0,1,1
iioa.org,0,0,1,4,0,0,0,0,0,0,1,1
betasuslink1.blogspot.com,0,0,0,0,0,0,1,0,1,1,1,1
paypal-verification.applmanager.com,0,0,1,2,0,0,0,1,1,1,1,1
collections.ushmm.org,0,0,0,3,0,0,0,0,0,0,1,1
webmail.sauthsec.com,0,0,0,2,0,0,0,0,1,1,1,1
interestingfurniture.com,0,0,0,2,0,0,0,0,0,0,0,1
math-salamanders.com,0,0,1,1,0,0,0,1,0,0,1,1
stat.berkeley.edu,0,0,1,3,0,0,0,0,0,0,1,1
techland.time.com,0,0,1,4,0,0,0,0,0,1,1,1
assurance-amlfrance.com,0,0,1,3,0,0,0,1,1,1,1,1
jesshanta.tumblr.com,0,0,0,0,0,0,0,0,0,0,1,1
yorkhighschool.co.uk,0,0,0,0,0,0,0,0,0,0,1,1
pistolclothing.com.au,0,1,1,5,0,0,0,0,0,1,1,1
consumersearch.com,0,0,0,1,0,0,0,0,0,1,1,1
en.wikipedia.org,0,0,1,2,0,0,0,0,0,0,0,1
chemsbury.net,0,0,1,5,0,0,0,0,1,1,1,1
support-appleld.com.secureupdate.duilawyeryork.com,0,0,1,2,0,0,0,1,0,0,0,1
en.wikipedia.org,0,0,1,2,0,0,0,0,0,0,0,1
jp519.com,0,0,0,0,0,0,0,0,0,0,1,1
anime-amnesia.com,0,0,0,0,0,0,0,1,0,0,1,1
vbulletin.com,0,0,0,0,0,0,0,0,0,0,1,1
teamwlg.com,0,0,1,4,0,0,0,0,0,0,1,1
centromusicalpaternense.es,0,0,0,2,0,0,0,0,0,1,1,1
staging.jayasaktigrup.com,0,0,1,5,0,0,0,0,1,1,1,1
afriquelemou.free.fr,0,0,1,3,0,0,0,0,0,0,1,1
media.io,0,0,0,0,0,0,0,0,0,0,1,1
rapidpaws.com,0,0,1,3,0,0,0,0,0,0,1,1
fantasycastlebooks.com,0,0,1,2,0,0,0,0,0,0,0,1
iptvurls.com,0,0,0,2,0,0,0,0,0,0,1,1
rishtapao.com,0,0,1,5,0,0,0,0,0,0,1,1
null-byte.wonderhowto.com,0,0,1,2,0,0,0,1,0,0,1,1
solar-center.stanford.edu,0,0,1,3,0,0,0,1,0,0,1,1
germaniainternational.com,0,0,0,1,0,0,0,0,0,0,0,1
proteinstructures.com,0,0,1,3,0,0,0,0,0,1,1,1
issa365-my.sharepoint.com,0,0,1,5,0,0,1,1,0,1,1,1
practical-shockley-f451be.netlify.app,0,0,1,0,0,0,0,1,0,1,1,1
ceonc.com.br,0,0,0,0,0,0,0,0,0,1,1,1
wh494528.ispot.cc,0,1,1,1,0,0,0,0,0,0,0,1
bakerypublishing.com,0,0,0,0,0,0,0,0,0,0,0,1
boconceptla.com,0,0,1,6,0,0,0,0,0,0,1,1
happygoluckyhannah.com,0,0,1,2,0,0,0,0,1,1,1,1
businessmate.org,0,0,0,1,0,0,0,0,0,0,0,1
buduzdorov.narod.ru,0,0,0,0,0,0,0,0,1,1,1,1
lustige-galerie.de,0,0,0,0,0,0,0,1,0,1,1,1
stdcheck.com,0,0,1,2,0,0,0,0,0,0,1,1
makeuseof.com,0,0,1,2,0,0,0,0,0,0,1,1
justlookapp.com,0,0,1,7,0,0,0,0,1,1,1,1
ucoz.ru,0,0,0,0,0,0,0,0,1,1,1,1
it-services.my-free.website,0,0,0,0,0,0,0,1,0,1,1,1
leaddogweb.com,0,0,0,2,0,0,0,0,0,0,0,1
secureupdate.appleld.com.duilawyeryork.com,0,0,1,2,0,0,0,0,0,0,0,1
gesticentre.fr,0,0,1,4,0,0,0,0,0,1,1,1
dvorak-keyboard.com,0,0,0,0,0,0,0,1,0,1,1,1
support-appleld.com.secureupdate.duilawyeryork.com,0,0,1,2,0,0,0,1,0,0,0,1
rua.pp.ua,0,0,0,0,0,0,0,0,0,1,1,1
swims.com,0,0,0,0,0,0,0,0,0,0,1,1
gulfeducationservices.com,0,0,1,4,0,0,0,0,1,1,1,1
fuhyo-bengoshicafe.com,0,0,0,0,0,0,0,1,0,0,0,1
ethpromo-giveaway.atspace.cc,0,0,0,0,0,0,0,1,0,1,1,1
magazines.com,0,0,0,1,0,0,0,0,0,1,1,1
banconesecurity.com,0,0,0,1,0,0,0,0,1,1,1,1
eng.tni.ac.th,0,0,0,2,0,0,0,0,0,1,1,1
plus.google.com,0,0,0,1,0,0,0,0,0,1,1,1
diffen.com,0,0,0,2,0,0,0,0,0,0,1,1
support-appleld.com.secureupdate.duilawyeryork.com,0,0,1,2,0,0,0,1,0,0,0,1
metal-supply.dk,0,0,0,0,0,0,0,1,0,0,0,1
lachambredezoe.fr,0,0,0,0,0,0,0,0,0,1,1,1
boiclub.com,0,0,1,7,0,0,0,0,0,0,0,1
secureupdate.appleld.com.duilawyeryork.com,0,0,1,2,0,0,0,0,0,0,0,1
d48dkduy4mnnxh.du.r.appspot.com,0,0,0,1,0,0,1,0,1,1,1,1
us-passport-service-guide.com,0,0,0,0,0,0,0,1,0,0,0,1
vilanovacenter.com,0,0,1,3,0,0,0,0,0,0,1,1
dorkdiaries.co.uk,0,0,0,0,0,0,0,0,0,0,0,1
savethechildren.org,0,0,1,3,0,0,0,0,0,0,1,1
icebrrg.com,0,0,1,2,0,0,0,0,0,1,1,1
thefreedictionary.com,0,0,0,1,0,0,0,0,0,1,1,1
lovetheedit.com,0,0,1,4,0,0,1,0,0,0,1,1
teploseti.zp.ua,0,0,0,0,0,0,0,0,0,1,1,1
20200728140702.res4po1ns5ive.rj.r.appspot.com,0,0,1,2,0,0,1,0,1,1,1,1
znrdm73sh.fastestcdn.net,0,0,0,0,0,0,0,0,0,0,0,1
docsfile321937sec83875948yr20n.wm.r.appspot.com,0,0,1,0,0,0,1,0,1,1,1,1
entertainment.howstuffworks.com,0,0,1,1,0,0,0,0,0,0,1,1
rebrand.ly,0,0,0,1,0,0,0,0,0,0,1,1
dictionarist.com,0,0,0,2,0,0,1,0,0,0,1,1
hoosevents.com,0,0,1,4,0,0,0,0,1,1,1,1
project-seminars.com,0,0,1,2,0,0,0,1,0,0,0,1
https.www.paypal.com.ttlart2012ttcysu.aylandirow.tmf.org.ru,0,0,1,3,0,1,0,0,1,1,1,1
toxel.com,0,0,1,5,0,0,0,0,0,0,0,1
adplife.com,0,0,1,4,0,0,0,0,0,0,0,1
shadetreetechnology.com,0,0,1,3,0,0,0,0,0,0,0,1
engelhorn.de,0,0,0,0,0,0,0,0,0,1,1,1
resbet.blogspot.com,0,0,0,0,0,0,1,0,1,1,1,1
veltz3d.com,0,0,0,3,0,0,0,0,0,1,1,1
support-appleld.com.secureupdate.duilawyeryork.com,0,0,1,2,0,0,0,1,0,0,0,1
bankmaluku.co.id,0,0,0,3,0,0,0,0,0,0,0,1
redroosterharlem.com,0,0,0,0,0,0,0,0,0,0,0,1
rosettastone.eu,0,0,0,0,0,0,0,0,0,1,1,1
107.180.44.78,0,0,1,1,0,0,0,0,0,0,1,1
tastycocoabytes.com,0,0,0,1,0,0,0,0,0,0,0,1
veranda-spb.ru,0,0,1,4,0,0,0,1,1,1,1,1
barclaycard.co.uk,0,0,1,5,0,0,0,0,0,0,1,1
support-appleld.com.secureupdate.duilawyeryork.com,0,0,1,2,0,0,0,1,0,0,0,1
jjscdc.cn,0,0,0,2,0,0,0,0,0,0,1,1
todayshomeowner.com,0,0,1,1,0,0,0,0,0,0,1,1
brainsconsulting.ro,0,0,1,5,0,0,0,0,0,0,0,1
sure.eligulinsaat.com,0,1,1,1,0,0,1,0,1,1,1,1
pro645r.uk.r.appspot.com,0,1,1,1,0,0,1,0,1,1,1,1
support.apple.com,0,0,0,2,0,0,0,0,0,1,1,1
evidenceaudio.com,0,0,0,2,0,0,0,0,0,0,1,1
google.com,0,0,1,1,1,0,0,0,0,1,1,1
yvddgk.gq,0,1,0,2,0,0,0,0,0,1,1,1
ui.linksys.com,0,0,0,2,0,0,0,0,0,0,1,1
iqfilms.com,0,0,1,2,0,0,0,0,0,0,1,1
be-us-beautiful.ru,0,0,1,4,0,0,0,1,1,1,1,1
mnnxd.app.link,0,0,0,1,0,0,0,0,0,1,1,1
tmdl.pro,0,0,0,2,0,0,0,0,0,1,1,1
user57205.vs.speednames.com,0,0,0,1,0,0,0,0,0,1,1,1
9khnh.app.link,0,0,0,1,0,0,0,0,0,1,1,1
paypal-support-help-inc.blogspot.com,0,0,0,0,0,0,1,1,1,1,1,1
wolves.co.uk,0,0,0,0,0,0,0,0,0,0,1,1
mpequity.sharepoint.com,0,0,1,3,0,0,1,0,0,1,1,1
trovit.com,0,0,0,0,0,0,1,0,0,1,1,1
groove.pl,0,0,0,0,0,0,0,0,0,1,1,1
njkronstedt.typeform.com,0,0,0,2,0,0,0,0,0,0,1,1
geldrugzak.nl,0,0,0,0,0,0,0,0,0,1,1,1
albel.intnet.mu,0,0,0,2,0,0,0,0,0,0,1,1
fluidaccountants.co.uk,0,0,0,4,0,0,0,0,1,1,1,1
creative-biostructure.com,0,0,1,1,0,0,0,1,0,0,0,1
uniprot.org,0,0,0,2,0,0,0,0,0,0,1,1
deerberg.de,0,0,0,1,0,0,0,0,0,1,1,1
tools.ietf.org,0,0,0,2,0,0,0,0,0,0,1,1
authorcheck.com,0,0,1,3,0,0,0,0,0,0,1,1
repository.law.umich.edu,0,0,1,2,0,0,0,0,0,0,1,1
megachords.com,0,0,0,3,0,0,0,0,0,0,0,1
thatsmint.work,0,0,0,2,0,0,0,0,0,1,1,1
gameplaylabs.com,0,0,1,2,0,0,0,0,0,0,0,1
tomsguide.com,0,0,1,2,0,0,0,0,0,0,1,1
au.prize400.info,0,0,1,1,0,0,0,0,0,0,1,1
performanceoutdooradvertising.com,0,0,1,4,0,0,0,0,0,0,0,1
en.wikipedia.org,0,0,0,2,0,0,0,0,0,0,0,1
uncrugby.com,0,0,1,7,0,0,0,0,0,0,0,1
hammernutrition.com,0,0,0,0,0,0,0,0,0,0,1,1
fema-nicole.firebaseapp.com,0,0,0,0,0,0,0,1,1,1,1,1
aerialsurvey.com,0,0,1,2,0,0,0,0,0,0,1,1
24d65ec4693040079.temporary.link,0,0,1,4,0,0,0,0,0,0,1,1
trbetasusgir.blogspot.com,0,0,0,0,0,0,1,0,1,1,1,1
www1.salary.com,0,0,0,1,0,0,0,0,0,0,1,1
get-piano-lessons.com,0,0,1,1,0,0,0,1,0,0,1,1
espacepourlavie.ca,0,0,0,3,0,0,0,0,0,0,1,1
dzd.rksmb.org,0,0,1,5,0,0,1,0,0,0,0,1
everything.explained.today,0,0,0,1,0,0,0,0,0,1,1,1
bancheitalia.it,0,0,0,0,0,0,0,0,0,0,1,1
matchcom.js-freedom.com,0,0,0,0,0,0,0,1,0,0,1,1
dictionary.com,0,0,0,2,0,0,0,0,0,0,1,1
aircraftspruce.com,0,0,0,0,0,0,0,0,0,0,1,1
abm.edu.ar,0,0,0,0,0,0,0,0,1,1,1,1
vps-e8c88472.vps.ovh.net,0,0,0,0,0,0,0,1,0,0,1,1
kreport.com,0,0,0,1,0,0,1,0,0,0,1,1
13453765871837679316.googlegroups.com,0,0,1,3,0,0,0,0,0,1,1,1
marsbahis234.com,0,0,0,1,0,0,0,0,1,1,1,1
sos03.com,0,0,1,6,0,0,0,0,1,1,1,1
gist.github.com,0,0,1,2,0,0,0,0,0,0,0,1
bittyurl.co,0,0,0,1,0,0,0,0,0,0,1,1
moelter-film.de,0,1,1,3,0,0,0,1,0,1,1,1
clevelandclinicmeded.com,0,0,1,4,0,0,0,0,0,0,1,1
alertasexito.com,0,0,0,0,0,0,0,0,1,1,1,1
abrahamlincolnonline.org,0,0,1,3,0,0,0,0,0,0,0,1
dictionary.com,0,0,0,2,0,0,0,0,0,0,1,1
explainthatstuff.com,0,0,0,1,0,0,0,0,0,0,1,1
prefabbricatipanozzo.it,0,0,1,5,0,0,0,0,0,0,1,1
techlahoma.org,0,0,0,0,0,0,0,0,0,0,0,1
d48dkduy4mnnxh.du.r.appspot.com,0,1,1,1,0,0,1,0,1,1,1,1
facebook.com,0,0,0,1,0,0,0,0,0,0,1,1
superbahisgir12.blogspot.com,0,0,0,0,0,0,1,0,1,1,1,1
pugsberacas.com,0,0,1,5,0,0,0,0,0,0,1,1
secureupdate.appleld.com.duilawyeryork.com,0,0,1,2,0,0,0,0,0,0,0,1
webopedia.com,0,0,0,2,0,0,0,0,0,0,1,1
facebook.com,0,0,0,1,0,0,0,0,0,0,1,1
shop.hostingdude.com,0,0,1,0,1,0,0,0,0,0,1,1
steamproxy.net,0,0,0,2,0,0,0,0,0,0,1,1
didaktikelectronic.sk,0,1,1,4,0,0,0,0,0,0,0,1
thesaurus.com,0,0,0,2,0,0,0,0,0,0,1,1
vulkanland-bio-safran.at,0,0,1,2,0,0,0,1,0,1,1,1
andbank.me.ma,0,0,0,0,0,0,0,0,0,0,1,1
justlookapp.com,0,0,1,7,0,0,0,0,1,1,1,1
derechomx.blogspot.com,0,0,0,0,0,0,1,0,1,1,1,1
doc.google.share.pressurecookerindia.com,0,0,1,1,0,0,0,0,0,0,1,1
p-chem.gr,0,0,0,1,0,0,0,1,0,1,1,1
universonline.it,0,0,0,0,0,0,0,0,0,0,0,1
globalsecurity.org,0,0,1,4,0,0,0,0,0,0,1,1
acbl.org,0,0,1,5,0,0,0,0,0,0,1,1
m.hf215.com,0,0,0,0,0,0,0,0,1,1,1,1
partycity.com,0,0,1,3,0,0,0,0,0,0,1,1
turtletrader.com,0,0,0,0,0,0,0,0,0,0,1,1
support-appleld.com.secureupdate.duilawyeryork.com,0,0,1,2,0,0,0,1,0,0,0,1
xh167894743.el.r.appspot.com,0,0,0,1,0,0,1,0,1,1,1,1
greatdayimprovements.com,0,0,0,0,0,0,0,0,0,0,1,1
silvergames.com,0,0,0,2,0,0,0,0,0,0,1,1
facebook.com,0,0,0,1,0,0,0,0,0,0,1,1
shorturl.at,0,0,0,1,0,0,0,0,0,1,1,1
nuevaguiaonce.com.ar,0,0,0,0,0,0,0,0,1,1,1,1
esecurityplanet.com,0,0,1,2,0,0,1,0,0,0,0,1
holiganbett1.blogspot.com,0,0,0,0,0,0,1,0,1,1,1,1
signipartialregs.ebay.de.voilaparisinterior.com,0,0,1,1,0,0,0,0,0,0,1,1
americanthinker.com,0,0,1,4,0,0,0,0,0,0,1,1
xh167894743.el.r.appspot.com,0,0,1,4,0,0,1,0,1,1,1,1
kreport.com,0,0,0,1,0,0,1,0,0,0,1,1
thegreatcomicbookheroes.blogspot.com,0,0,0,0,0,0,1,0,1,1,1,1
seachromelb-my.sharepoint.com,0,0,1,5,0,0,1,1,0,1,1,1
idealcaisse.fr,0,0,0,1,0,0,0,0,0,1,1,1
gartersnake.info,0,0,0,0,0,0,0,0,0,1,1,1
moodle.ncirl.ie,0,0,0,2,0,0,0,0,0,0,1,1
nytimes.com,0,0,1,5,0,0,0,0,0,1,1,1
viavarejopontofriocdt.elancers.net,0,0,0,0,0,0,0,0,0,1,1,1
intersong-lyrics.blogspot.com,0,0,0,0,0,0,1,1,1,1,1,1
03418f6.netsolhost.com,0,0,1,1,0,0,1,0,0,0,0,1
secureupdate.appleld.com.duilawyeryork.com,0,0,1,2,0,0,0,0,0,0,0,1
laracasts.com,0,0,0,4,0,0,0,0,0,0,1,1
shafeimall004.top,0,0,0,2,0,0,0,0,0,1,1,1
starlingintlbnk.com,0,0,0,0,0,0,0,0,1,1,1,1
support-appleld.com.secureupdate.duilawyeryork.com,0,0,1,2,0,0,0,1,0,0,0,1
kentridge.lk,0,0,0,1,0,0,0,0,0,1,1,1
spatrendonline.hu,0,0,0,0,0,0,0,0,0,1,1,1
gerrard.doodlekit.com,0,0,0,1,0,0,1,0,0,0,1,1
support-appleld.com.secureupdate.duilawyeryork.com,0,0,1,2,0,0,0,1,0,0,0,1
romainjerome.ch,0,0,1,2,0,0,0,0,0,1,1,1
imepl.com,0,0,0,0,0,0,0,0,0,0,1,1
drawdown.org,0,0,0,0,0,0,0,0,0,0,1,1
ww1.youmovieset.com,0,0,0,0,0,0,1,0,0,1,1,1
maseczki-wielorazowe.com,0,0,0,0,0,0,0,1,1,1,1,1
hours-locations.com,0,0,1,4,0,0,0,1,0,0,1,1
technet.microsoft.com,0,0,1,3,0,0,1,0,0,1,1,1
parislab-my.sharepoint.com,0,0,1,5,0,0,1,1,0,1,1,1
luigitavanti.com,0,0,0,2,0,0,0,0,0,0,1,1
patriothost.net,0,0,1,5,0,0,0,0,1,1,1,1
musinfo.ch,0,0,0,0,0,0,0,0,0,1,1,1
mydaddymen.tumblr.com,0,0,0,0,0,0,0,0,0,1,1,1
carddesignstudio.com,0,0,1,4,0,0,0,0,0,0,1,1
binarybenliveload.com,0,0,1,3,0,0,0,0,0,0,0,1
digitalpianoreviewguide.com,0,0,1,1,0,0,0,0,0,0,1,1
howtogeek.com,0,0,1,2,0,0,0,0,0,0,1,1
droneshop.com,0,0,0,0,0,0,0,0,0,0,1,1
ulrc.go.ug,0,0,0,1,0,0,0,0,0,1,1,1
m.hf739.com,0,0,0,0,0,0,0,0,1,1,1,1
hetershaven.net,0,0,1,5,0,0,0,0,0,0,0,1
brighthub.com,0,0,1,4,0,0,0,0,0,0,1,1
decaturilbgc.com,0,0,1,7,0,0,0,0,0,0,1,1
techradar.com,0,0,1,4,0,0,0,0,0,0,1,1
vivendodeapostas.com,0,0,1,5,0,0,0,0,0,0,0,1
tamanastar.blogfa.com,0,0,0,0,0,0,0,0,0,0,1,1
comunidadmontepinar.es,0,0,0,0,0,0,0,0,0,1,1,1
alexisgrant.com,0,0,1,4,0,0,1,0,0,0,1,1
californiarealestate.news,0,0,0,0,0,0,0,0,0,1,1,1
mephisto.com,0,0,0,0,0,0,0,0,0,0,0,1
uk.clarksjobs.com,0,0,0,0,0,0,0,0,0,0,0,1
1a723571-281d-4723-827a-c87aeaa8262b.htmlcomponentservice.com,0,0,1,1,0,0,0,1,0,0,0,1
tr-tr.facebook.com,0,0,0,1,0,0,0,1,0,0,1,1
betasusgirmekicin.blogspot.com,0,0,0,0,0,0,1,0,1,1,1,1
vidyaembryonicstemcells.weebly.com,0,0,0,0,0,0,0,0,0,0,1,1
fndsdaytings.com,0,0,1,3,0,0,0,0,1,1,1,1
marchearningstatment.ontrapages.com,0,0,0,0,0,0,0,0,0,0,1,1
banksifsccode.com,0,0,1,4,0,0,0,0,0,0,1,1
electricitypak.com,0,0,0,5,0,0,0,0,0,1,1,1
webmailacces.form2pay.com,0,0,0,1,0,0,0,0,0,1,1,1
hwcompare.com,0,0,0,0,0,0,0,0,0,1,0,1
mngi365-my.sharepoint.com,0,0,1,5,0,0,1,1,0,1,1,1
model-railroad-hobbyist.com,0,0,1,3,0,0,1,1,0,1,1,1
98.126.214.77,0,1,1,2,0,0,0,0,0,0,1,1
lastingredient.com,0,0,0,0,0,0,1,0,0,0,1,1
secureadd.goshly.com,0,0,0,2,0,0,0,0,0,0,0,1
designfitters.com,0,0,0,2,0,0,0,0,0,1,1,1
subsapp.com,0,0,0,2,0,0,0,0,0,0,1,1
truli.com,0,0,0,0,0,0,0,0,0,1,1,1
rgzbgroup.hk,0,0,0,0,0,0,0,0,0,0,0,1
metajob.at,0,0,0,0,0,0,0,0,0,1,1,1
rmaicamentos.com.br,0,0,1,5,0,0,0,0,0,1,1,1
minus40.info,0,0,0,2,0,0,0,0,0,1,0,1
srms.ac.in,0,0,0,0,0,0,0,0,0,0,1,1
intouchcrm.co.uk,0,0,1,5,0,0,0,0,0,0,0,1
smsenligne.myfreesites.net,0,0,0,0,0,0,0,0,0,0,1,1
smskhoon.blogsky.com,0,0,0,0,0,0,0,0,0,1,1,1
wesleysteiner.com,0,0,0,2,0,0,0,0,0,0,1,1
en.wikipedia.org,0,0,0,2,0,0,0,0,0,0,0,1
human.rmuti.ac.th,0,0,0,2,0,0,0,0,0,1,1,1
kloshpro.com,0,0,1,8,0,0,0,0,1,1,1,1
btcz.rocks,0,0,0,0,0,0,0,0,0,1,1,1
devlette.com,0,0,0,0,0,0,0,0,0,0,1,1
jamthomp.weebly.com,0,0,0,0,0,0,0,0,0,0,1,1
definitions.uslegal.com,0,0,1,2,0,0,0,0,0,0,1,1
corfuproperty.gr,0,1,0,3,0,0,0,0,0,1,1,1
patents.justia.com,0,0,0,2,0,0,0,0,0,0,1,1
app-1530173649.000webhostapp.com,0,0,1,3,0,0,0,1,0,0,1,1
ru.pinterest.com,0,0,0,1,0,0,1,0,0,1,1,1
forums.geforce.com,0,0,1,3,0,0,0,0,0,0,1,1
fitnessfest.sg,0,0,0,0,0,0,0,0,0,1,1,1
zonasegura1.bn.com.multiservicioswebther.com,0,0,1,3,0,0,0,0,1,1,1,1
christkindlwirt.at,0,0,0,1,0,0,0,0,0,1,1,1
support-appleld.com.secureupdate.duilawyeryork.com,0,0,1,2,0,0,0,1,0,0,0,1
sharedpont77wwjxjx.df.r.appspot.com,0,0,1,2,0,0,1,0,1,1,1,1
newegg.com,0,0,1,2,0,0,0,0,0,0,1,1
koleksiyonrattan.com,0,0,0,2,0,0,0,0,1,1,1,1
gradschools.com,0,0,1,2,0,0,0,0,0,0,0,1
loraboyd.com,0,0,0,2,0,0,0,0,0,0,1,1
empocher.net,0,0,0,0,0,0,0,0,0,1,1,1
thedigitallandscaping.com,0,0,0,1,0,0,0,0,0,0,1,1
microsoftaccountsecurityportal.wl.r.appspot.com,0,1,1,0,0,0,1,0,1,1,1,1
betasus20.blogspot.com,0,0,0,0,0,0,1,0,1,1,1,1
courgeon-immobilier.fr,0,0,1,6,0,0,0,1,0,0,1,1
curriculum.railsbridge.org,0,0,1,1,0,0,0,0,0,0,1,1
true654263721ffuyfsfs.clearpointsupplies.com,0,0,1,1,0,0,0,0,0,0,1,1
helpathome.com,0,0,0,0,0,0,0,0,0,0,0,1
iconcinemas.com,0,0,0,0,0,0,0,0,0,0,0,1
fb.upgradebeta.com,0,0,0,0,0,0,0,0,1,1,1,1
h4w.livejournal.com,0,0,0,0,0,0,0,0,0,1,1,1
vitahaus.com.br,0,0,1,6,0,0,0,0,0,1,1,1
interoptika.hu,0,0,0,1,0,0,0,0,0,1,1,1
indeed.com,0,0,1,2,0,0,0,0,0,1,1,1
calciodonne.it,0,0,0,0,0,0,0,0,0,0,0,1
cp0c7pc.du.r.appspot.com,0,0,0,1,0,0,1,0,1,1,1,1
storage.cloud.google.com,0,1,1,2,0,0,1,0,0,1,1,1
loledco.com,0,0,0,1,0,0,0,0,1,1,1,1
mkup.com.mx,0,0,0,0,0,0,0,0,0,0,0,1
sma.naturealtree.com,0,1,1,1,0,0,0,0,1,1,1,1
unisonsouthayr.org.uk,0,0,0,1,0,0,0,0,0,0,1,1
fanaposten.no,0,0,0,0,0,0,0,0,0,1,1,1
psicoayudante.com,0,0,0,4,0,0,0,0,1,1,1,1
secure-login-portal-outlook.el.r.appspot.com,0,0,1,4,0,0,1,1,1,1,1,1
myheritage.com,0,0,0,1,0,0,0,0,0,0,1,1
choosenissan.com,0,0,0,0,0,0,0,0,0,0,1,1
store.mdcgate.com,0,0,1,2,0,0,0,0,0,0,1,1
thecoolerzone.com,0,0,0,0,0,0,0,0,0,0,0,1
mail.beesnaturals.com,0,0,0,1,0,0,0,0,0,0,1,1
indexsignal.com,0,0,0,1,0,0,0,0,0,0,0,1
xmz.sushmagp.com,0,0,0,0,0,0,0,0,1,1,1,1
5x726-alternate.app.link,0,0,0,0,0,0,0,1,0,1,1,1
assdig.com,0,0,0,0,0,0,0,0,0,0,1,1
twitter.com,0,0,0,1,0,0,0,0,0,1,0,1
en.community.dell.com,0,0,1,6,0,0,0,0,0,0,0,1
bluefountainmedia.com,0,0,0,1,0,0,0,0,0,1,1,1
trv.no,0,0,0,0,0,0,0,0,0,1,1,1
swamcorrecter.com,0,0,0,0,0,0,0,0,1,1,1,1
foliar.pl,0,0,0,4,0,0,0,0,0,1,1,1
andrewcasares.com,0,0,0,2,0,0,0,0,0,1,0,1
anjoe.com,0,0,1,4,0,0,0,0,0,0,0,1
brighthub.com,0,0,1,4,0,0,0,0,0,0,1,1
blulink.pl,0,0,0,0,0,0,0,0,0,1,1,1
yogamma.com.tr,0,0,0,1,0,0,0,0,0,0,0,1
duluxshop.lk,0,0,1,3,0,0,0,0,0,1,1,1
paypal.imited-login.com,0,0,0,2,0,0,0,1,1,1,1,1
deref-gmx.net,0,0,1,4,0,0,0,1,0,1,1,1
Cisco.com,0,0,1,8,0,0,0,0,0,1,1,1
avclub.com,0,0,1,2,0,0,0,0,0,0,1,1
tldp.org,0,0,0,4,0,0,0,0,0,0,1,1
itunes.apple.com,0,0,0,4,0,0,0,0,0,1,1,1
d91ddd0c.el.r.appspot.com,0,0,0,1,0,0,1,0,1,1,1,1
parafiaczarkow.ns48.pl,0,0,0,3,0,0,0,0,0,1,1,1
amidabuli.com,0,0,0,0,0,0,0,0,0,0,1,1
en.wikipedia.org,0,0,0,1,0,0,0,0,0,0,0,1
pump-one.com,0,0,0,4,0,0,0,1,0,1,1,1
en.wiktionary.org,0,0,0,2,0,0,0,0,0,0,0,1
tcfeckne.firebaseapp.com,0,0,0,0,0,0,0,0,1,1,1,1
rw-designer.com,0,0,0,1,0,0,0,1,0,0,0,1
mashtips.com,0,0,1,1,0,0,0,0,0,0,1,1
https.webmail.office.jezqmhyjbcaahq11uev4m7u1kyjry.47o9ihsjhhs3g1w0rf4k0.9yki6eft1lk7c6os6ky.dximd3qwwpq6shgjg2zhrvmsi.fdimx7eff3mnvrmfb.kn754sq979b3bla9a4ukwzc9mimam.h6d9w2oxfyow8o544jgkddu7f1.jtebbd.duckdns.org,0,1,1,3,0,1,1,0,0,1,1,1
viktoriastar.ru,0,0,0,0,0,0,0,0,1,1,1,1
vim.wikia.com,0,0,0,2,0,0,0,0,0,0,1,1
secure-microsoft-online.oa.r.appspot.com,0,0,0,1,0,0,1,1,1,1,1,1
eusa-lombo.firebaseapp.com,0,0,0,0,0,0,0,1,1,1,1,1
christmascartoons.org,0,0,1,6,0,0,0,0,0,0,1,1
portals.clevelandclinic.org,0,0,1,5,0,0,0,0,0,0,1,1
nahradnediely.blogspot.com,0,0,0,0,0,0,1,0,1,1,1,1
translate.academic.ru,0,0,1,4,0,0,0,0,0,0,0,1
store.directsupply.com,0,0,0,0,0,0,0,0,0,0,1,1
andymolinsky.com,0,0,0,0,0,0,0,0,0,0,1,1
12yards.ru,0,0,1,6,0,0,0,0,0,0,1,1
networks.nokia.com,0,0,1,2,0,0,0,0,0,0,1,1
165.227.4.30,0,0,0,2,0,0,0,0,0,1,1,1
thelulusband.com,0,1,1,6,0,0,0,0,0,0,1,1
loudtronix.co,0,0,0,2,0,0,1,0,0,0,1,1
dictionary.com,0,0,0,2,0,0,0,0,0,0,1,1
lonosoneteams.blogspot.com,0,1,1,0,0,0,1,0,1,1,1,1
xeberler.az,0,0,0,1,0,0,0,0,0,1,1,1
inbioma.pe,0,1,1,1,0,0,0,0,0,1,1,1
kiwiirc.com,0,0,0,1,0,0,0,0,0,0,1,1
prj0011.appspot.com,0,0,0,0,0,0,1,0,1,1,1,1
aboutkidshealth.ca,0,0,1,7,0,0,0,0,0,0,1,1
bgdirectory.net,0,0,1,2,0,0,0,0,0,1,1,1
vb.is,0,0,0,0,0,0,0,0,0,1,1,1
fortheloveofbanting.blogspot.com,0,0,0,0,0,0,1,0,1,1,1,1
labottee.com,0,0,0,1,0,0,0,0,0,0,0,1
hahdaeupdate.es.tl,0,0,0,0,0,0,0,0,0,0,0,1
russeprofilering.no,0,0,0,0,0,0,0,0,0,1,1,1
strong.tv,0,0,0,2,0,0,0,0,0,1,1,1
mx-staging.bfni.ca,0,0,0,0,0,0,0,1,1,1,1,1
webdatamltrainingdiag842.blob.core.windows.net,0,0,1,2,0,0,0,0,0,1,1,1
macrumors.com,0,0,1,4,0,0,0,0,0,0,1,1
arushaone.co.tz,0,0,1,5,0,0,0,0,0,1,1,1
whatsappjapan.jkub.com,0,0,0,0,0,0,0,0,0,0,1,1
bit.ly,0,0,0,1,0,0,1,0,0,0,1,1
auone-jp.connect-portal.thisdayjune.com,0,0,0,0,0,0,0,1,1,1,1,1
nobleconsultants.net,0,0,1,2,1,0,0,0,0,0,1,1
50plus.de,0,0,0,0,0,0,0,0,0,1,1,1
ronvig.com,0,0,0,1,0,0,0,0,0,1,1,1
smallbusiness.chron.com,0,0,1,1,0,0,0,0,0,1,1,1
santaremplay.com.br,0,0,1,3,0,0,0,0,0,1,1,1
help.optuszoo.com.au,0,0,1,6,0,0,0,0,0,1,1,1
hydroquebec.com,0,0,1,3,0,0,0,0,0,0,1,1
acbl.org,0,0,1,3,0,0,0,0,0,0,1,1
elefantszerszam.hu,0,0,0,0,0,0,0,0,0,1,1,1
foxwoods.com,0,0,0,0,0,0,0,0,0,0,1,1
iflix.top,0,0,0,0,0,0,0,0,0,1,1,1
tech-faq.com,0,0,1,1,0,0,0,1,0,0,1,1
y56erfdxcxcexhaustdmerkat70542.wn.r.appspot.com,0,0,1,0,0,0,1,0,1,1,1,1
albel.intnet.mu,0,0,0,2,0,0,0,0,0,0,1,1
allopsm.fr,0,0,0,0,0,0,0,0,0,0,0,1
instargrams.000webhostapp.com,0,0,0,0,0,0,0,0,0,0,1,1
kj-1.de,0,0,0,0,0,0,0,1,0,1,1,1
ww38.casas-cb-compras.com,0,0,0,3,0,0,0,1,1,1,1,1
yorki-style.ru,0,0,1,6,0,0,0,1,1,1,1,1
cehd.umn.edu,0,0,1,5,0,0,0,0,0,0,1,1
e-daco.kr,0,0,0,2,0,0,0,1,0,0,0,1
littlehaygolf.co.uk,0,0,0,1,0,0,0,0,0,0,1,1
apple.com-login.es,0,0,0,0,0,0,0,1,0,1,1,1
limited-help.com,0,0,0,2,0,0,0,1,1,1,1,1
opel.gr,0,0,0,0,0,0,0,0,0,1,1,1
twowheelcool.com,0,0,0,2,0,0,0,0,0,0,0,1
bajer.info.pl,0,0,1,7,0,0,0,0,0,1,1,1
newconnectbiblestudy.com,0,0,0,1,0,0,0,0,1,1,1,1
vki.vipcentr.ru,0,0,0,0,0,0,0,0,0,0,1,1
payscale.com,0,0,1,4,0,0,0,0,0,0,1,1
meta-chart.com,0,0,0,0,0,0,1,1,0,0,1,1
securecuserver.co.uk,0,0,1,3,0,0,0,0,0,0,1,1
hotelmeghapalace.in,0,0,0,1,0,0,0,0,0,1,1,1
chauffagethermopompeclimatisation.ca,0,0,1,3,0,0,0,0,0,0,0,1
bizchair.com,0,0,0,0,0,0,0,0,0,0,1,1
facebook.com,0,0,1,1,0,0,0,0,0,0,1,1
xbooks.to,0,0,0,0,0,0,0,0,0,1,1,1
secureupdate.appleld.com.duilawyeryork.com,0,0,1,2,0,0,0,0,0,0,0,1
e-imamu.edu.sa,0,0,0,0,0,0,0,1,0,1,1,1
stage.cwport.com,0,0,0,0,0,0,1,0,0,0,0,1
nsp.vipshop.ru,0,0,0,0,0,0,0,0,0,0,1,1
